X,Y,id,name
23.77218,38.01316,1,mavili
23.77115,38.0129339826,1,mavili
23.77218,38.01316,2,malakasi
23.77319,38.01345,2,malakasi
23.77319,38.01345,3,zervou
23.77428,38.01074,3,zervou
23.77115,38.0129339826,4,parnithos
38.01022,23.77222,4,parnithos
